,u,v,EVENT_START,EVENT_END,TIME_START,TIME_END,EVENT_START_STR,EVENT_END_STR,_label,IS_ALERT,ACCESS_AMOUNT,OPTYPE
0,154,201,1557507556972000000,1557510450594000000,1557507556972000000,1557510450594000000,1557507556972000000,1557510450594000000,5,0,12288,3
1,153,201,1557842024260000000,1557842024260000000,1557842024260000000,1557842024260000000,1557842024260000000,1557842024260000000,5,0,12288,3
2,152,201,1557988289847000000,1557988289847000000,1557988289847000000,1557988289847000000,1557988289847000000,1557988289847000000,5,0,12288,3
3,151,201,1557624510182000000,1557624510182000000,1557624510182000000,1557624510182000000,1557624510182000000,1557624510182000000,5,0,12288,3
4,107,201,1557449664580000000,1557449664580000000,1557449664580000000,1557449664580000000,1557449664580000000,1557449664580000000,5,0,12095,3
5,155,201,1557679786573000000,1557679786573000000,1557679786573000000,1557679786573000000,1557679786573000000,1557679786573000000,5,0,12288,3
6,161,201,1557803157424000000,1557803157424000000,1557803157424000000,1557803157424000000,1557803157424000000,1557803157424000000,5,0,12288,3
7,159,201,1557507541007000000,1557507541007000000,1557507541007000000,1557507541007000000,1557507541007000000,1557507541007000000,5,0,12095,3
8,158,201,1557586953049000000,1557586953049000000,1557586953049000000,1557586953049000000,1557586953049000000,1557586953049000000,5,0,12288,3
9,157,201,1557455303098000000,1557455303098000000,1557455303098000000,1557455303098000000,1557455303098000000,1557455303098000000,5,0,12288,3
10,170,609,1557527565260000000,1557527565282000000,1557527565260000000,1557527565282000000,1557527565260000000,1557527565282000000,5,0,11785,3
11,265,201,1557590425242000000,1557590425242000000,1557590425242000000,1557590425242000000,1557590425242000000,1557590425242000000,5,0,12288,3
12,146,224,1557950786822000000,1557950786822000000,1557950786822000000,1557950786822000000,1557950786822000000,1557950786822000000,5,0,4096,3
13,232,224,1557966126889000000,1557966126889000000,1557966126889000000,1557966126889000000,1557966126889000000,1557966126889000000,5,0,4096,3
14,172,241,1558018378745000000,1558018378745000000,1558018378745000000,1558018378745000000,1558018378745000000,1558018378745000000,5,0,4096,3
15,264,201,1557589161205000000,1557589161205000000,1557589161205000000,1557589161205000000,1557589161205000000,1557589161205000000,5,0,12095,3
16,171,241,1558018353618000000,1558018353618000000,1558018353618000000,1558018353618000000,1558018353618000000,1558018353618000000,5,0,108,3
17,162,201,1557896245069000000,1557896245069000000,1557896245069000000,1557896245069000000,1557896245069000000,1557896245069000000,5,0,12095,3
18,263,201,1557616038387000000,1557616038387000000,1557616038387000000,1557616038387000000,1557616038387000000,1557616038387000000,5,0,12288,3
19,0,594,1557957192802000000,1557957192802000000,1557957192802000000,1557957192802000000,1557957192802000000,1557957192802000000,5,0,820,3
20,0,609,1557957192556000000,1557957192673000000,1557957192556000000,1557957192673000000,1557957192556000000,1557957192673000000,5,0,1536,3
21,262,201,1557636697501000000,1557636697501000000,1557636697501000000,1557636697501000000,1557636697501000000,1557636697501000000,5,0,12095,3
22,116,353,1557954020142000000,1557955323984000000,1557954020142000000,1557955323984000000,1557954020142000000,1557955323984000000,5,0,4096,3
23,68,393,1557967310624000000,1557967310624000000,1557967310624000000,1557967310624000000,1557967310624000000,1557967310624000000,5,0,45056,3
24,0,393,1557967294751000000,1557967294751000000,1557967294751000000,1557967294751000000,1557967294751000000,1557967294751000000,5,0,41472,3
25,168,201,1557777901276000000,1557777901276000000,1557777901276000000,1557777901276000000,1557777901276000000,1557777901276000000,5,0,12095,3
26,266,201,1557949575717000000,1557949575717000000,1557949575717000000,1557949575717000000,1557949575717000000,1557949575717000000,5,0,12095,3
27,116,350,1557958676064000000,1558012323637000000,1557958676064000000,1558012323637000000,1557958676064000000,1558012323637000000,5,0,4096,3
28,167,201,1557240564159000000,1557240564159000000,1557240564159000000,1557240564159000000,1557240564159000000,1557240564159000000,5,0,12095,3
29,268,201,1557694630110000000,1557694630110000000,1557694630110000000,1557694630110000000,1557694630110000000,1557694630110000000,5,0,12095,3
30,184,556,1557960413291000000,1557960754288000000,1557960413291000000,1557960754288000000,1557960413291000000,1557960754288000000,5,0,4096,3
31,183,556,1557955695437000000,1557956044827000000,1557955695437000000,1557956044827000000,1557955695437000000,1557956044827000000,5,0,446464,3
32,182,556,1557957222713000000,1557957872803000000,1557957222713000000,1557957872803000000,1557957222713000000,1557957872803000000,5,0,4096,3
33,181,556,1557946108397000000,1558012314081000000,1557946108397000000,1558012314081000000,1557946108397000000,1558012314081000000,5,0,2,3
34,180,556,1558017991900000000,1558017992030000000,1558017991900000000,1558017992030000000,1558017991900000000,1558017992030000000,5,0,84,3
35,261,201,1557749070900000000,1557749070900000000,1557749070900000000,1557749070900000000,1557749070900000000,1557749070900000000,5,0,12095,3
36,194,556,1557943963767000000,1557943963819000000,1557943963767000000,1557943963819000000,1557943963767000000,1557943963819000000,5,0,128,3
37,193,556,1558015864812000000,1558015864876000000,1558015864812000000,1558015864876000000,1558015864812000000,1558015864876000000,5,0,128,3
38,187,556,1557944042796000000,1557944267584000000,1557944042796000000,1557944267584000000,1557944042796000000,1557944267584000000,5,0,116,3
39,191,556,1557943973284000000,1557958613018000000,1557943973284000000,1557958613018000000,1557943973284000000,1557958613018000000,5,0,8192,3
40,185,556,1557955184445000000,1557955184446000000,1557955184445000000,1557955184446000000,1557955184445000000,1557955184446000000,5,0,24576,3
41,189,556,1557958025510000000,1557958025561000000,1557958025510000000,1557958025561000000,1557958025510000000,1557958025561000000,5,0,4,3
42,188,556,1558015399257000000,1558016400449000000,1558015399257000000,1558016400449000000,1558015399257000000,1558016400449000000,5,0,1048576,3
43,223,556,1557956577194000000,1557967306526000000,1557956577194000000,1557967306526000000,1557956577194000000,1557967306526000000,5,0,4096,3
44,186,556,1558018232934000000,1558018232992000000,1558018232934000000,1558018232992000000,1558018232934000000,1558018232992000000,5,0,2,3
45,195,556,1557945997417000000,1557950804664000000,1557945997417000000,1557950804664000000,1557945997417000000,1557950804664000000,5,0,12288,3
46,190,556,1557961155638000000,1557961159725000000,1557961155638000000,1557961159725000000,1557961155638000000,1557961159725000000,5,0,4096,3
47,60,201,1557697876379000000,1557697876379000000,1557697876379000000,1557697876379000000,1557697876379000000,1557697876379000000,5,0,12095,3
48,59,201,1557455291202000000,1557455291202000000,1557455291202000000,1557455291202000000,1557455291202000000,1557455291202000000,5,0,12095,3
49,117,201,1557788807226000000,1557788807226000000,1557788807226000000,1557788807226000000,1557788807226000000,1557788807226000000,5,0,12095,3
50,54,201,1557631478107000000,1557631478107000000,1557631478107000000,1557631478107000000,1557631478107000000,1557631478107000000,5,0,12095,3
51,75,224,1557928072605000000,1557928072605000000,1557928072605000000,1557928072605000000,1557928072605000000,1557928072605000000,5,0,61440,3
52,74,201,1557896254166000000,1557896254166000000,1557896254166000000,1557896254166000000,1557896254166000000,1557896254166000000,5,0,12288,3
53,50,201,1557406386891000000,1557406386891000000,1557406386891000000,1557406386891000000,1557406386891000000,1557406386891000000,5,0,12288,3
54,73,224,1557896278583000000,1557896278583000000,1557896278583000000,1557896278583000000,1557896278583000000,1557896278583000000,5,0,61440,3
55,71,201,1557516284469000000,1557516284469000000,1557516284469000000,1557516284469000000,1557516284469000000,1557516284469000000,5,0,12288,3
56,69,201,1557607192387000000,1557607192387000000,1557607192387000000,1557607192387000000,1557607192387000000,1557607192387000000,5,0,12095,3
57,128,201,1557759234194000000,1557759234194000000,1557759234194000000,1557759234194000000,1557759234194000000,1557759234194000000,5,0,12288,3
58,129,201,1557523109973000000,1557523109973000000,1557523109973000000,1557523109973000000,1557523109973000000,1557523109973000000,5,0,12288,3
59,126,201,1557489491582000000,1557489491582000000,1557489491582000000,1557489491582000000,1557489491582000000,1557489491582000000,5,0,12095,3
60,77,201,1557819206139000000,1557819206139000000,1557819206139000000,1557819206139000000,1557819206139000000,1557819206139000000,5,0,12095,3
61,125,201,1557557843659000000,1557565186260000000,1557557843659000000,1557565186260000000,1557557843659000000,1557565186260000000,5,0,12288,3
62,124,201,1557469125033000000,1557469125033000000,1557469125033000000,1557469125033000000,1557469125033000000,1557469125033000000,5,0,12288,3
63,123,201,1557832688234000000,1557832688234000000,1557832688234000000,1557832688234000000,1557832688234000000,1557832688234000000,5,0,12095,3
64,122,201,1557791396259000000,1557791396259000000,1557791396259000000,1557791396259000000,1557791396259000000,1557791396259000000,5,0,12095,3
65,121,201,1557523104604000000,1557523104604000000,1557523104604000000,1557523104604000000,1557523104604000000,1557523104604000000,5,0,12095,3
66,120,201,1557273555084000000,1557273555084000000,1557273555084000000,1557273555084000000,1557273555084000000,1557273555084000000,5,0,12288,3
67,131,556,1557952063429000000,1557952063605000000,1557952063429000000,1557952063605000000,1557952063429000000,1557952063605000000,5,0,128,3
68,139,201,1557628774033000000,1557628774033000000,1557628774033000000,1557628774033000000,1557628774033000000,1557628774033000000,5,0,12095,3
69,127,201,1557934938912000000,1557939482306000000,1557934938912000000,1557939482306000000,1557934938912000000,1557939482306000000,5,0,12288,3
70,138,201,1557410225580000000,1557410225580000000,1557410225580000000,1557410225580000000,1557410225580000000,1557410225580000000,5,0,12095,3
71,137,201,1557658704760000000,1557658704760000000,1557658704760000000,1557658704760000000,1557658704760000000,1557658704760000000,5,0,12095,3
72,136,201,1557988280383000000,1557988280383000000,1557988280383000000,1557988280383000000,1557988280383000000,1557988280383000000,5,0,12095,3
73,135,201,1557636502508000000,1557636502508000000,1557636502508000000,1557636502508000000,1557636502508000000,1557636502508000000,5,0,12288,3
74,213,556,1557950812752000000,1557954051360000000,1557950812752000000,1557954051360000000,1557950812752000000,1557954051360000000,5,0,4096,3
75,134,201,1557491453077000000,1557491453077000000,1557491453077000000,1557491453077000000,1557491453077000000,1557491453077000000,5,0,12095,3
76,133,556,1557954615066000000,1557955319114000000,1557954615066000000,1557955319114000000,1557954615066000000,1557955319114000000,5,0,180,3
77,141,556,1557945554945000000,1557946130125000000,1557945554945000000,1557946130125000000,1557945554945000000,1557946130125000000,5,0,1048576,3
78,132,201,1557679774621000000,1557679774621000000,1557679774621000000,1557679774621000000,1557679774621000000,1557679774621000000,5,0,12095,3
79,119,201,1557607834337000000,1557607834337000000,1557607834337000000,1557607834337000000,1557607834337000000,1557607834337000000,5,0,12095,3
80,145,201,1558001323370000000,1558001323370000000,1558001323370000000,1558001323370000000,1558001323370000000,1558001323370000000,5,0,12288,3
81,144,556,1557958509040000000,1557958856569000000,1557958509040000000,1557958856569000000,1557958509040000000,1557958856569000000,5,0,2,3
82,143,201,1557510443135000000,1557510443135000000,1557510443135000000,1557510443135000000,1557510443135000000,1557510443135000000,5,0,12095,3
83,142,556,1557951291285000000,1558016273693000000,1557951291285000000,1558016273693000000,1557951291285000000,1558016273693000000,5,0,104,3
84,150,201,1557264661824000000,1557264661824000000,1557264661824000000,1557264661824000000,1557264661824000000,1557264661824000000,5,0,12288,3
85,148,556,1558012977967000000,1558012979326000000,1558012977967000000,1558012979326000000,1558012977967000000,1558012979326000000,5,0,4096,3
86,147,201,1557781547401000000,1557791401037000000,1557781547401000000,1557791401037000000,1557781547401000000,1557791401037000000,5,0,12288,3
87,146,556,1557950688628000000,1557952221897000000,1557950688628000000,1557952221897000000,1557950688628000000,1557952221897000000,5,0,4096,3
88,130,556,1557944079053000000,1557944080410000000,1557944079053000000,1557944080410000000,1557944079053000000,1557944080410000000,5,0,4096,3
89,149,201,1557763106048000000,1557763106048000000,1557763106048000000,1557763106048000000,1557763106048000000,1557763106048000000,5,0,12095,3
90,163,556,1557945989242000000,1557945989295000000,1557945989242000000,1557945989295000000,1557945989242000000,1557945989295000000,5,0,62,3
91,165,556,1557944274632000000,1557957622167000000,1557944274632000000,1557957622167000000,1557944274632000000,1557957622167000000,5,0,4096,3
92,164,556,1557966032980000000,1557966139039000000,1557966032980000000,1557966139039000000,1557966032980000000,1557966139039000000,5,0,2,3
93,173,201,1557491469268000000,1557491469268000000,1557491469268000000,1557491469268000000,1557491469268000000,1557491469268000000,5,0,12288,3
94,169,201,1557803145950000000,1557803145950000000,1557803145950000000,1557803145950000000,1557803145950000000,1557803145950000000,5,0,12095,3
95,160,556,1557966086961000000,1557966667169000000,1557966086961000000,1557966667169000000,1557966086961000000,1557966667169000000,5,0,4096,3
96,166,556,1557967907579000000,1557967907712000000,1557967907579000000,1557967907712000000,1557967907579000000,1557967907712000000,5,0,2,3
97,174,201,1557590422097000000,1557590422097000000,1557590422097000000,1557590422097000000,1557590422097000000,1557590422097000000,5,0,12095,3
98,156,201,1557876792493000000,1557876792493000000,1557876792493000000,1557876792493000000,1557876792493000000,1557876792493000000,5,0,12095,3
99,172,556,1558018241557000000,1558018245675000000,1558018241557000000,1558018245675000000,1558018241557000000,1558018245675000000,5,0,49152,3
100,176,556,1557956037851000000,1557956037942000000,1557956037851000000,1557956037942000000,1557956037851000000,1557956037942000000,5,0,2,3
101,175,556,1558017345915000000,1558017593819000000,1558017345915000000,1558017593819000000,1558017345915000000,1558017593819000000,5,0,2,3
102,10,556,1557951571503000000,1557955511604000000,1557951571503000000,1557955511604000000,1557951571503000000,1557955511604000000,5,0,24576,3
103,177,556,1557965056048000000,1557965056048000000,1557965056048000000,1557965056048000000,1557965056048000000,1557965056048000000,5,0,4096,3
104,179,201,1557526298236000000,1557526298236000000,1557526298236000000,1557526298236000000,1557526298236000000,1557526298236000000,5,0,12095,3
105,213,63,1557950820247000000,1557951952331000000,1557950820247000000,1557951952331000000,1557950820247000000,1557951952331000000,5,0,4096,3
106,252,63,1558012991827000000,1558012991827000000,1558012991827000000,1558012991827000000,1558012991827000000,1558012991827000000,5,0,4096,3
107,68,63,1557975426369000000,1557975426369000000,1557975426369000000,1557975426369000000,1557975426369000000,1557975426369000000,5,0,4096,3
108,82,63,1557957217358000000,1557966095151000000,1557957217358000000,1557966095151000000,1557957217358000000,1557966095151000000,5,0,4096,3
109,206,63,1557968568672000000,1557968568672000000,1557968568672000000,1557968568672000000,1557968568672000000,1557968568672000000,5,0,4096,3
110,82,223,1557960324277000000,1557960324277000000,1557960324277000000,1557960324277000000,1557960324277000000,1557960324277000000,5,0,4096,3
111,104,223,1557960297193000000,1557960297193000000,1557960297193000000,1557960297193000000,1557960297193000000,1557960297193000000,5,0,108,3
112,146,63,1557951973572000000,1557951973572000000,1557951973572000000,1557951973572000000,1557951973572000000,1557951973572000000,5,0,4096,3
113,160,63,1557966676808000000,1557966676808000000,1557966676808000000,1557966676808000000,1557966676808000000,1557966676808000000,5,0,4096,3
114,127,63,1557951269515000000,1557951352367000000,1557951269515000000,1557951352367000000,1557951269515000000,1557951352367000000,5,0,4096,3
115,192,556,1557951537425000000,1557951610586000000,1557951537425000000,1557951610586000000,1557951537425000000,1557951610586000000,5,0,54,3
116,108,397,1557469121510000000,1557469121510000000,1557469121510000000,1557469121510000000,1557469121510000000,1557469121510000000,5,0,12188,3
117,156,397,1557876792262000000,1557876792262000000,1557876792262000000,1557876792262000000,1557876792262000000,1557876792262000000,5,0,12188,3
118,196,556,1557950681703000000,1557951963961000000,1557950681703000000,1557951963961000000,1557950681703000000,1557951963961000000,5,0,4,3
119,159,397,1557507540900000000,1557507540900000000,1557507540900000000,1557507540900000000,1557507540900000000,1557507540900000000,5,0,12188,3
120,257,397,1557904653167000000,1557904653167000000,1557904653167000000,1557904653167000000,1557904653167000000,1557904653167000000,5,0,12288,3
121,191,63,1557944099584000000,1557959872029000000,1557944099584000000,1557959872029000000,1557944099584000000,1557959872029000000,5,0,4096,3
122,51,63,1557957461906000000,1557960556728000000,1557957461906000000,1557960556728000000,1557957461906000000,1557960556728000000,5,0,4096,3
123,200,556,1558015523255000000,1558018000576000000,1558015523255000000,1558018000576000000,1558015523255000000,1558018000576000000,5,0,4096,3
124,199,556,1558012323596000000,1558012323597000000,1558012323596000000,1558012323597000000,1558012323596000000,1558012323597000000,5,0,61440,3
125,197,397,1557455304460000000,1557455304460000000,1557455304460000000,1557455304460000000,1557455304460000000,1557455304460000000,5,0,12288,3
126,83,397,1557708351992000000,1557708351992000000,1557708351992000000,1557708351992000000,1557708351992000000,1557708351992000000,5,0,12288,3
127,31,397,1557415152859000000,1557415152859000000,1557415152859000000,1557415152859000000,1557415152859000000,1557415152859000000,5,0,12188,3
128,132,397,1557679774294000000,1557679774294000000,1557679774294000000,1557679774294000000,1557679774294000000,1557679774294000000,5,0,12188,3
129,215,201,1557776076721000000,1557776076721000000,1557776076721000000,1557776076721000000,1557776076721000000,1557776076721000000,5,0,12095,3
130,105,397,1557914680511000000,1557914680511000000,1557914680511000000,1557914680511000000,1557914680511000000,1557914680511000000,5,0,12188,3
131,213,201,1557949579245000000,1557949579245000000,1557949579245000000,1557949579245000000,1557949579245000000,1557949579245000000,5,0,12288,3
132,259,397,1557475349618000000,1557475349618000000,1557475349618000000,1557475349618000000,1557475349618000000,1557475349618000000,5,0,12288,3
133,11,63,1557847713865000000,1557847713865000000,1557847713865000000,1557847713865000000,1557847713865000000,1557847713865000000,5,0,4096,3
134,198,556,1557968384800000000,1557968541542000000,1557968384800000000,1557968541542000000,1557968384800000000,1557968541542000000,5,0,28,3
135,232,63,1557967302587000000,1557967302587000000,1557967302587000000,1557967302587000000,1557967302587000000,1557967302587000000,5,0,4096,3
136,211,556,1558015392446000000,1558015506679000000,1558015392446000000,1558015506679000000,1558015392446000000,1558015506679000000,5,0,2,3
137,54,397,1557631477998000000,1557631477998000000,1557631477998000000,1557631477998000000,1557631477998000000,1557631477998000000,5,0,12188,3
138,267,201,1557415162443000000,1557415162443000000,1557415162443000000,1557415162443000000,1557415162443000000,1557415162443000000,5,0,12288,3
139,200,63,1558015538335000000,1558015538335000000,1558015538335000000,1558015538335000000,1558015538335000000,1558015538335000000,5,0,4096,3
140,210,556,1557945493139000000,1557945661666000000,1557945493139000000,1557945661666000000,1557945493139000000,1557945661666000000,5,0,4096,3
141,209,201,1558012226882000000,1558012226882000000,1558012226882000000,1558012226882000000,1558012226882000000,1558012226882000000,5,0,12095,3
142,183,63,1557955335927000000,1557955335927000000,1557955335927000000,1557955335927000000,1557955335927000000,1557955335927000000,5,0,4096,3
143,241,63,1557961613454000000,1557961613454000000,1557961613454000000,1557961613454000000,1557961613454000000,1557961613454000000,5,0,4096,3
144,208,556,1557951625256000000,1557951625258000000,1557951625256000000,1557951625258000000,1557951625256000000,1557951625258000000,5,0,4096,3
145,207,201,1557839133412000000,1557839133412000000,1557839133412000000,1557839133412000000,1557839133412000000,1557839133412000000,5,0,12288,3
146,216,556,1558015396578000000,1558015876546000000,1558015396578000000,1558015876546000000,1558015396578000000,1558015876546000000,5,0,8192,3
147,127,556,1557950782724000000,1557957439242000000,1557950782724000000,1557957439242000000,1557950782724000000,1557957439242000000,5,0,4096,3
148,23,397,1557771522933000000,1557771522933000000,1557771522933000000,1557771522933000000,1557771522933000000,1557771522933000000,5,0,12288,3
149,229,201,1557805863613000000,1557805863613000000,1557805863613000000,1557805863613000000,1557805863613000000,1557805863613000000,5,0,12095,3
150,214,556,1557944271907000000,1557946134098000000,1557944271907000000,1557946134098000000,1557944271907000000,1557946134098000000,5,0,61440,3
151,18,397,1557803157417000000,1557803157417000000,1557803157417000000,1557803157417000000,1557803157417000000,1557803157417000000,5,0,12288,3
152,227,556,1557955506610000000,1557961145830000000,1557955506610000000,1557961145830000000,1557955506610000000,1557961145830000000,5,0,12,3
153,149,397,1557763105850000000,1557763105850000000,1557763105850000000,1557763105850000000,1557763105850000000,1557763105850000000,5,0,12188,3
154,212,201,1557841246811000000,1557841246811000000,1557841246811000000,1557841246811000000,1557841246811000000,1557841246811000000,5,0,12288,3
155,226,556,1557945671482000000,1557946132740000000,1557945671482000000,1557946132740000000,1557945671482000000,1557946132740000000,5,0,4096,3
156,225,201,1557586934257000000,1557586934257000000,1557586934257000000,1557586934257000000,1557586934257000000,1557586934257000000,5,0,12095,3
157,224,556,1558016806106000000,1558018006077000000,1558016806106000000,1558018006077000000,1558016806106000000,1558018006077000000,5,0,4096,3
158,223,201,1557963767870000000,1557963767870000000,1557963767870000000,1557963767870000000,1557963767870000000,1557963767870000000,5,0,12288,3
159,231,201,1557885036946000000,1557885036946000000,1557885036946000000,1557885036946000000,1557885036946000000,1557885036946000000,5,0,12095,3
160,230,556,1558016421885000000,1558016421886000000,1558016421885000000,1558016421886000000,1558016421885000000,1558016421886000000,5,0,45056,3
161,249,556,1557960297876000000,1557960734947000000,1557960297876000000,1557960734947000000,1557960297876000000,1557960734947000000,5,0,70,3
162,236,201,1557636707265000000,1557636707265000000,1557636707265000000,1557636707265000000,1557636707265000000,1557636707265000000,5,0,12288,3
163,244,201,1557771516007000000,1557771516007000000,1557771516007000000,1557771516007000000,1557771516007000000,1557771516007000000,5,0,12095,3
164,242,556,1557945352532000000,1557965135446000000,1557945352532000000,1557965135446000000,1557945352532000000,1557965135446000000,5,0,128,3
165,228,201,1557489499152000000,1557492157591000000,1557489499152000000,1557492157591000000,1557489499152000000,1557492157591000000,5,0,12288,3
166,266,397,1557949575543000000,1557949575543000000,1557949575543000000,1557949575543000000,1557949575543000000,1557949575543000000,5,0,12188,3
167,241,556,1557957327142000000,1557959875401000000,1557957327142000000,1557959875401000000,1557957327142000000,1557959875401000000,5,0,1048576,3
168,111,397,1557772246767000000,1557772246767000000,1557772246767000000,1557772246767000000,1557772246767000000,1557772246767000000,5,0,12188,3
169,240,201,1557793960484000000,1557793960484000000,1557793960484000000,1557793960484000000,1557793960484000000,1557793960484000000,5,0,12095,3
170,239,556,1557966090657000000,1557967098441000000,1557966090657000000,1557967098441000000,1557966090657000000,1557967098441000000,5,0,4096,3
171,238,201,1557492142814000000,1557492142814000000,1557492142814000000,1557492142814000000,1557492142814000000,1557492142814000000,5,0,12095,3
172,237,556,1557959869297000000,1557959869423000000,1557959869297000000,1557959869423000000,1557959869297000000,1557959869423000000,5,0,128,3
173,245,556,1557959872280000000,1557960610896000000,1557959872280000000,1557960610896000000,1557959872280000000,1557960610896000000,5,0,12288,3
174,76,201,1557928040408000000,1557928040408000000,1557928040408000000,1557928040408000000,1557928040408000000,1557928040408000000,5,0,12095,3
175,250,556,1557952185801000000,1557957310587000000,1557952185801000000,1557957310587000000,1557952185801000000,1557957310587000000,5,0,2,3
176,258,201,1557914692192000000,1557914692192000000,1557914692192000000,1557914692192000000,1557914692192000000,1557914692192000000,5,0,12288,3
177,232,556,1557965159216000000,1557967305202000000,1557965159216000000,1557967305202000000,1557965159216000000,1557967305202000000,5,0,1048576,3
178,243,201,1557668253307000000,1557668253307000000,1557668253307000000,1557668253307000000,1557668253307000000,1557668253307000000,5,0,12095,3
179,256,556,1557967294305000000,1557967294489000000,1557967294305000000,1557967294489000000,1557967294305000000,1557967294489000000,5,0,2,3
180,255,201,1557527146797000000,1557533836218000000,1557527146797000000,1557533836218000000,1557527146797000000,1557533836218000000,5,0,12288,3
181,254,556,1557944070690000000,1557944070691000000,1557944070690000000,1557944070691000000,1557944070690000000,1557944070691000000,5,0,4096,3
182,253,201,1557410235008000000,1557410235008000000,1557410235008000000,1557410235008000000,1557410235008000000,1557410235008000000,5,0,12288,3
183,252,556,1558016733222000000,1558016733222000000,1558016733222000000,1558016733222000000,1558016733222000000,1558016733222000000,5,0,8192,3
184,251,201,1557418438073000000,1557418438073000000,1557418438073000000,1557418438073000000,1557418438073000000,1557418438073000000,5,0,12288,3
185,72,556,1557958878322000000,1557960746375000000,1557958878322000000,1557960746375000000,1557958878322000000,1557960746375000000,5,0,4096,3
186,70,201,1557624500890000000,1557624500890000000,1557624500890000000,1557624500890000000,1557624500890000000,1557624500890000000,5,0,12095,3
187,68,556,1557967626870000000,1557967913134000000,1557967626870000000,1557967913134000000,1557967626870000000,1557967913134000000,5,0,12288,3
188,63,201,1557904644353000000,1557904644353000000,1557904644353000000,1557904644353000000,1557904644353000000,1557904644353000000,5,0,12095,3
189,62,556,1558012974086000000,1558016874636000000,1558012974086000000,1558016874636000000,1558012974086000000,1558016874636000000,5,0,128,3
190,61,201,1557565173809000000,1557565173809000000,1557565173809000000,1557565173809000000,1557565173809000000,1557565173809000000,5,0,12095,3
191,58,556,1557967909049000000,1557968546733000000,1557967909049000000,1557968546733000000,1557967909049000000,1557968546733000000,5,0,4096,3
192,53,556,1558018244280000000,1558018244280000000,1558018244280000000,1558018244280000000,1558018244280000000,1558018244280000000,5,0,1048576,3
193,82,556,1557957218653000000,1557966140389000000,1557957218653000000,1557966140389000000,1557957218653000000,1557966140389000000,5,0,36864,3
194,81,201,1557645652727000000,1557645652727000000,1557645652727000000,1557645652727000000,1557645652727000000,1557645652727000000,5,0,12095,3
195,80,556,1558012319593000000,1558012322261000000,1558012319593000000,1558012322261000000,1558012319593000000,1558012322261000000,5,0,1048576,3
196,79,201,1557335404581000000,1557335404581000000,1557335404581000000,1557335404581000000,1557335404581000000,1557335404581000000,5,0,12288,3
197,86,201,1557749090299000000,1557749090299000000,1557749090299000000,1557749090299000000,1557749090299000000,1557749090299000000,5,0,12288,3
198,56,201,1557335392159000000,1557335392159000000,1557335392159000000,1557335392159000000,1557335392159000000,1557335392159000000,5,0,12095,3
199,257,201,1557904653169000000,1557904653169000000,1557904653169000000,1557904653169000000,1557904653169000000,1557904653169000000,5,0,12288,3
200,201,201,1557506736705000000,1557506736705000000,1557506736705000000,1557506736705000000,1557506736705000000,1557506736705000000,5,0,12288,3
201,88,201,1557541043328000000,1557541043328000000,1557541043328000000,1557541043328000000,1557541043328000000,1557541043328000000,5,0,12288,3
202,87,201,1557963750744000000,1557963750744000000,1557963750744000000,1557963750744000000,1557963750744000000,1557963750744000000,5,0,12095,3
203,51,556,1557957511937000000,1557968457315000000,1557957511937000000,1557968457315000000,1557957511937000000,1557968457315000000,5,0,4096,3
204,85,201,1557916977124000000,1557917844300000000,1557916977124000000,1557917844300000000,1557916977124000000,1557917844300000000,5,0,12288,3
205,202,201,1558001305193000000,1558001305193000000,1558001305193000000,1558001305193000000,1558001305193000000,1558001305193000000,5,0,12095,3
206,84,556,1557957402615000000,1557957828577000000,1557957402615000000,1557957828577000000,1557957402615000000,1557957828577000000,5,0,128,3
207,203,201,1557777926523000000,1557777926523000000,1557777926523000000,1557777926523000000,1557777926523000000,1557777926523000000,5,0,12288,3
208,83,201,1557708351989000000,1557708351989000000,1557708351989000000,1557708351989000000,1557708351989000000,1557708351989000000,5,0,12288,3
209,204,556,1558015485139000000,1558017601711000000,1558015485139000000,1558017601711000000,1558015485139000000,1558017601711000000,5,0,45056,3
210,205,201,1557694646080000000,1557694646080000000,1557694646080000000,1557694646080000000,1557694646080000000,1557694646080000000,5,0,12288,3
211,206,556,1557967548706000000,1557968548095000000,1557967548706000000,1557968548095000000,1557967548706000000,1557968548095000000,5,0,61440,3
212,217,201,1557658719457000000,1557658719457000000,1557658719457000000,1557658719457000000,1557658719457000000,1557658719457000000,5,0,12288,3
213,218,556,1558012975417000000,1558016899376000000,1558012975417000000,1558016899376000000,1558012975417000000,1558016899376000000,5,0,4096,3
214,78,201,1557421851771000000,1557421851771000000,1557421851771000000,1557421851771000000,1557421851771000000,1557421851771000000,5,0,12095,3
215,91,201,1557885049714000000,1557885049714000000,1557885049714000000,1557885049714000000,1557885049714000000,1557885049714000000,5,0,12288,3
216,140,201,1557763124306000000,1557763124306000000,1557763124306000000,1557763124306000000,1557763124306000000,1557763124306000000,5,0,12288,3
217,90,201,1557789315400000000,1557789315400000000,1557789315400000000,1557789315400000000,1557789315400000000,1557789315400000000,5,0,12288,3
218,220,201,1557406378819000000,1557406378819000000,1557406378819000000,1557406378819000000,1557406378819000000,1557406378819000000,5,0,12095,3
219,89,201,1557539931690000000,1557539931690000000,1557539931690000000,1557539931690000000,1557539931690000000,1557539931690000000,5,0,12095,3
220,221,201,1557539941181000000,1557539941181000000,1557539941181000000,1557539941181000000,1557539941181000000,1557539941181000000,5,0,12288,3
221,233,201,1557527136903000000,1557527136903000000,1557527136903000000,1557527136903000000,1557527136903000000,1557527136903000000,5,0,12095,3
222,234,201,1557526312558000000,1557526312558000000,1557526312558000000,1557526312558000000,1557526312558000000,1557526312558000000,5,0,12288,3
223,235,201,1557876804748000000,1557876804748000000,1557876804748000000,1557876804748000000,1557876804748000000,1557876804748000000,5,0,12288,3
224,246,201,1557516273789000000,1557516273789000000,1557516273789000000,1557516273789000000,1557516273789000000,1557516273789000000,5,0,12095,3
225,247,201,1557607204083000000,1557607204083000000,1557607204083000000,1557607204083000000,1557607204083000000,1557607204083000000,5,0,12288,3
226,248,201,1557734219894000000,1557734219894000000,1557734219894000000,1557734219894000000,1557734219894000000,1557734219894000000,5,0,12288,3
227,259,201,1557475349614000000,1557475349614000000,1557475349614000000,1557475349614000000,1557475349614000000,1557475349614000000,5,0,12288,3
228,260,201,1557240568662000000,1557240568662000000,1557240568662000000,1557240568662000000,1557240568662000000,1557240568662000000,5,0,12288,3
229,219,201,1557475336884000000,1557475336884000000,1557475336884000000,1557475336884000000,1557475336884000000,1557475336884000000,5,0,12095,3
230,12,201,1557759212868000000,1557759212868000000,1557759212868000000,1557759212868000000,1557759212868000000,1557759212868000000,5,0,12095,3
231,199,63,1558012335980000000,1558012335980000000,1558012335980000000,1558012335980000000,1558012335980000000,1558012335980000000,5,0,4096,3
232,230,63,1558014808577000000,1558016396417000000,1558014808577000000,1558016396417000000,1558014808577000000,1558016396417000000,5,0,4096,3
233,13,63,1557967917302000000,1557967917302000000,1557967917302000000,1557967917302000000,1557967917302000000,1557967917302000000,5,0,4096,3
234,127,224,1557934933554000000,1557955751994000000,1557934933554000000,1557955751994000000,1557934933554000000,1557955751994000000,5,0,61440,3
235,15,201,1557429060144000000,1557429060144000000,1557429060144000000,1557429060144000000,1557429060144000000,1557429060144000000,5,0,12095,3
236,165,63,1557945724287000000,1557956581331000000,1557945724287000000,1557956581331000000,1557945724287000000,1557956581331000000,5,0,4096,3
237,190,63,1557961159758000000,1557961159758000000,1557961159758000000,1557961159758000000,1557961159758000000,1557961159758000000,5,0,4096,3
238,214,63,1557945383133000000,1557946130053000000,1557945383133000000,1557946130053000000,1557945383133000000,1557946130053000000,5,0,4096,3
239,111,201,1557772247033000000,1557772247033000000,1557772247033000000,1557772247033000000,1557772247033000000,1557772247033000000,5,0,12095,3
240,17,224,1557917135363000000,1557917135363000000,1557917135363000000,1557917135363000000,1557917135363000000,1557917135363000000,5,0,61440,3
241,16,201,1558012243894000000,1558012243894000000,1558012243894000000,1558012243894000000,1558012243894000000,1558012243894000000,5,0,12288,3
242,245,224,1557960429732000000,1557960429732000000,1557960429732000000,1557960429732000000,1557960429732000000,1557960429732000000,5,0,4096,3
243,85,224,1557914712779000000,1557914712779000000,1557914712779000000,1557914712779000000,1557914712779000000,1557914712779000000,5,0,61440,3
244,18,201,1557793993381000000,1557793993381000000,1557793993381000000,1557793993381000000,1557793993381000000,1557793993381000000,5,0,12288,3
245,206,224,1557968436887000000,1557968436887000000,1557968436887000000,1557968436887000000,1557968436887000000,1557968436887000000,5,0,4096,3
246,195,224,1557950705042000000,1557950803673000000,1557950705042000000,1557950803673000000,1557950705042000000,1557950803673000000,5,0,4096,3
247,22,224,1558001347926000000,1558001347927000000,1558001347926000000,1558001347927000000,1558001347926000000,1558001347927000000,5,0,8192,3
248,14,201,1557449679616000000,1557449679616000000,1557449679616000000,1557449679616000000,1557449679616000000,1557449679616000000,5,0,12288,3
249,21,224,1558022398506000000,1558023855450000000,1558022398506000000,1558023855450000000,1558022398506000000,1558023855450000000,5,0,4096,3
250,20,201,1557589190682000000,1557589190682000000,1557589190682000000,1557589190682000000,1557589190682000000,1557589190682000000,5,0,12288,3
251,51,224,1557958613015000000,1557965146625000000,1557958613015000000,1557965146625000000,1557958613015000000,1557965146625000000,5,0,8192,3
252,25,201,1557781474618000000,1557781474618000000,1557781474618000000,1557781474618000000,1557781474618000000,1557781474618000000,5,0,12095,3
253,19,201,1557273552147000000,1557273552147000000,1557273552147000000,1557273552147000000,1557273552147000000,1557273552147000000,5,0,12095,3
254,230,224,1558016396418000000,1558016396418000000,1558016396418000000,1558016396418000000,1558016396418000000,1558016396418000000,5,0,4096,3
255,226,224,1557945685242000000,1557945685242000000,1557945685242000000,1557945685242000000,1557945685242000000,1557945685242000000,5,0,4096,3
256,26,201,1557611065702000000,1557611065702000000,1557611065702000000,1557611065702000000,1557611065702000000,1557611065702000000,5,0,12288,3
257,224,224,1558016909016000000,1558016909017000000,1558016909016000000,1558016909017000000,1558016909016000000,1558016909017000000,5,0,4096,3
258,28,201,1557616024234000000,1557616024234000000,1557616024234000000,1557616024234000000,1557616024234000000,1557616024234000000,5,0,12095,3
259,191,224,1557939506958000000,1557958039620000000,1557939506958000000,1557958039620000000,1557939506958000000,1557958039620000000,5,0,4096,3
260,10,224,1557952927025000000,1557952927025000000,1557952927025000000,1557952927025000000,1557952927025000000,1557952927025000000,5,0,4096,3
261,27,201,1557429072088000000,1557429072088000000,1557429072088000000,1557429072088000000,1557429072088000000,1557429072088000000,5,0,12288,3
262,218,224,1558015486581000000,1558019507119000000,1558015486581000000,1558019507119000000,1558015486581000000,1558019507119000000,5,0,4096,3
263,72,224,1557958878319000000,1557958878320000000,1557958878319000000,1557958878320000000,1557958878319000000,1557958878320000000,5,0,4096,3
264,82,224,1557957461906000000,1557957605844000000,1557957461906000000,1557957605844000000,1557957461906000000,1557957605844000000,5,0,4096,3
265,24,201,1557708323425000000,1557708323425000000,1557708323425000000,1557708323425000000,1557708323425000000,1557708323425000000,5,0,12095,3
266,29,224,1557988317120000000,1557988317120000000,1557988317120000000,1557988317120000000,1557988317120000000,1557988317120000000,5,0,69632,3
267,172,224,1558018557077000000,1558018557077000000,1558018557077000000,1558018557077000000,1558018557077000000,1558018557077000000,5,0,4096,3
268,165,224,1557945675069000000,1557955741909000000,1557945675069000000,1557955741909000000,1557945675069000000,1557955741909000000,5,0,4096,3
269,37,201,1557264651646000000,1557264651646000000,1557264651646000000,1557264651646000000,1557264651646000000,1557264651646000000,5,0,12095,3
270,145,224,1558001305721000000,1558001305725000000,1558001305721000000,1558001305725000000,1558001305721000000,1558001305725000000,5,0,12288,3
271,216,224,1558015418396000000,1558015418398000000,1558015418396000000,1558015418398000000,1558015418396000000,1558015418398000000,5,0,8192,3
272,33,201,1557636494712000000,1557636494712000000,1557636494712000000,1557636494712000000,1557636494712000000,1557636494712000000,5,0,12095,3
273,31,201,1557415153001000000,1557415153001000000,1557415153001000000,1557415153001000000,1557415153001000000,1557415153001000000,5,0,12095,3
274,30,201,1557541029398000000,1557541029398000000,1557541029398000000,1557541029398000000,1557541029398000000,1557541029398000000,5,0,12095,3
275,39,224,1558023984547000000,1558023984547000000,1558023984547000000,1558023984547000000,1558023984547000000,1558023984547000000,5,0,4096,3
276,38,201,1557645679283000000,1557645679283000000,1557645679283000000,1557645679283000000,1557645679283000000,1557645679283000000,5,0,12288,3
277,45,224,1558022398630000000,1558022398630000000,1558022398630000000,1558022398630000000,1558022398630000000,1558022398630000000,5,0,4096,3
278,42,224,1557876799381000000,1557876799381000000,1557876799381000000,1557876799381000000,1557876799381000000,1557876799381000000,5,0,61440,3
279,36,224,1557885038815000000,1557885038815000000,1557885038815000000,1557885038815000000,1557885038815000000,1557885038815000000,5,0,61440,3
280,35,201,1557841225282000000,1557841225282000000,1557841225282000000,1557841225282000000,1557841225282000000,1557841225282000000,5,0,12095,3
281,223,224,1557960700840000000,1557963763617000000,1557960700840000000,1557963763617000000,1557960700840000000,1557963763617000000,5,0,4096,3
282,41,201,1557770119302000000,1557770119302000000,1557770119302000000,1557770119302000000,1557770119302000000,1557770119302000000,5,0,12095,3
283,32,224,1557949609621000000,1557949609621000000,1557949609621000000,1557949609621000000,1557949609621000000,1557949609621000000,5,0,61440,3
284,200,224,1558015538327000000,1558018357161000000,1558015538327000000,1558018357161000000,1558015538327000000,1558018357161000000,5,0,4096,3
285,210,224,1557945474264000000,1557945474265000000,1557945474264000000,1557945474265000000,1557945474264000000,1557945474265000000,5,0,4096,3
286,44,201,1557772457802000000,1557772457802000000,1557772457802000000,1557772457802000000,1557772457802000000,1557772457802000000,5,0,12288,3
287,43,201,1557939468701000000,1557939468701000000,1557939468701000000,1557939468701000000,1557939468701000000,1557939468701000000,5,0,12095,3
288,52,201,1557928049323000000,1557928049323000000,1557928049323000000,1557928049323000000,1557928049323000000,1557928049323000000,5,0,12288,3
289,34,224,1557878619664000000,1557878619664000000,1557878619664000000,1557878619664000000,1557878619664000000,1557878619664000000,5,0,61440,3
290,95,201,1557934924619000000,1557934924619000000,1557934924619000000,1557934924619000000,1557934924619000000,1557934924619000000,5,0,12095,3
291,49,224,1558016278349000000,1558016278349000000,1558016278349000000,1558016278349000000,1558016278349000000,1558016278349000000,5,0,8192,3
292,241,224,1557957324375000000,1557957324375000000,1557957324375000000,1557957324375000000,1557957324375000000,1557957324375000000,5,0,8192,3
293,48,201,1557607838032000000,1557607838032000000,1557607838032000000,1557607838032000000,1557607838032000000,1557607838032000000,5,0,12288,3
294,94,201,1557772401792000000,1557772401792000000,1557772401792000000,1557772401792000000,1557772401792000000,1557772401792000000,5,0,12095,3
295,178,201,1557839124428000000,1557839124428000000,1557839124428000000,1557839124428000000,1557839124428000000,1557839124428000000,5,0,12095,3
296,93,201,1557917131949000000,1557917131949000000,1557917131949000000,1557917131949000000,1557917131949000000,1557917131949000000,5,0,12095,3
297,53,224,1558020302636000000,1558023146984000000,1558020302636000000,1558023146984000000,1558020302636000000,1558023146984000000,5,0,4096,3
298,182,224,1557957838013000000,1557957955789000000,1557957838013000000,1557957955789000000,1557957838013000000,1557957955789000000,5,0,4096,3
299,47,201,1557734207036000000,1557734207036000000,1557734207036000000,1557734207036000000,1557734207036000000,1557734207036000000,5,0,12095,3
300,46,201,1557917839884000000,1557917839884000000,1557917839884000000,1557917839884000000,1557917839884000000,1557917839884000000,5,0,12095,3
301,97,201,1557842000319000000,1557842000319000000,1557842000319000000,1557842000319000000,1557842000319000000,1557842000319000000,5,0,12095,3
302,96,201,1557697880536000000,1557697880536000000,1557697880536000000,1557697880536000000,1557697880536000000,1557697880536000000,5,0,12288,3
303,40,201,1557631488822000000,1557631488822000000,1557631488822000000,1557631488822000000,1557631488822000000,1557631488822000000,5,0,12288,3
304,98,201,1557533865091000000,1557533865091000000,1557533865091000000,1557533865091000000,1557533865091000000,1557533865091000000,5,0,12288,3
305,67,224,1557917000377000000,1557917872917000000,1557917000377000000,1557917872917000000,1557917000377000000,1557917872917000000,5,0,61440,3
306,66,201,1557916962557000000,1557916962557000000,1557916962557000000,1557916962557000000,1557916962557000000,1557916962557000000,5,0,12095,3
307,65,201,1557819211649000000,1557819211649000000,1557819211649000000,1557819211649000000,1557819211649000000,1557819211649000000,5,0,12288,3
308,64,224,1557904675103000000,1557904675103000000,1557904675103000000,1557904675103000000,1557904675103000000,1557904675103000000,5,0,61440,3
309,118,201,1557526278369000000,1557526278369000000,1557526278369000000,1557526278369000000,1557526278369000000,1557526278369000000,5,0,12095,3
310,199,224,1558012268418000000,1558012268418000000,1558012268418000000,1558012268418000000,1558012268418000000,1558012268418000000,5,0,69632,3
311,57,201,1557557831322000000,1557557831322000000,1557557831322000000,1557557831322000000,1557557831322000000,1557557831322000000,5,0,12095,3
312,55,201,1557878614766000000,1557878614766000000,1557878614766000000,1557878614766000000,1557878614766000000,1557878614766000000,5,0,12095,3
313,103,201,1557832716945000000,1557832716945000000,1557832716945000000,1557832716945000000,1557832716945000000,1557832716945000000,5,0,12288,3
314,100,201,1557628778628000000,1557628778628000000,1557628778628000000,1557628778628000000,1557628778628000000,1557628778628000000,5,0,12288,3
315,101,201,1557418432752000000,1557418432752000000,1557418432752000000,1557418432752000000,1557418432752000000,1557418432752000000,5,0,12095,3
316,99,201,1557421860328000000,1557421860328000000,1557421860328000000,1557421860328000000,1557421860328000000,1557421860328000000,5,0,12288,3
317,105,201,1557914680724000000,1557914680724000000,1557914680724000000,1557914680724000000,1557914680724000000,1557914680724000000,5,0,12095,3
318,104,529,1557960297036000000,1557960297037000000,1557960297036000000,1557960297037000000,1557960297036000000,1557960297037000000,5,0,322,3
319,102,201,1557533848571000000,1557533848571000000,1557533848571000000,1557533848571000000,1557533848571000000,1557533848571000000,5,0,12095,3
320,106,201,1557878623624000000,1557878623624000000,1557878623624000000,1557878623624000000,1557878623624000000,1557878623624000000,5,0,12288,3
321,92,201,1557611056792000000,1557611056792000000,1557611056792000000,1557611056792000000,1557611056792000000,1557611056792000000,5,0,12095,3
322,109,201,1557506722131000000,1557506722131000000,1557506722131000000,1557506722131000000,1557506722131000000,1557506722131000000,5,0,12095,3
323,108,201,1557469121731000000,1557469121731000000,1557469121731000000,1557469121731000000,1557469121731000000,1557469121731000000,5,0,12095,3
324,114,201,1557770136397000000,1557772255492000000,1557770136397000000,1557772255492000000,1557770136397000000,1557772255492000000,5,0,12288,3
325,113,201,1557533819801000000,1557533819801000000,1557533819801000000,1557533819801000000,1557533819801000000,1557533819801000000,5,0,12095,3
326,112,201,1557668259998000000,1557668259998000000,1557668259998000000,1557668259998000000,1557668259998000000,1557668259998000000,5,0,12288,3
327,110,201,1557805882018000000,1557805882018000000,1557805882018000000,1557805882018000000,1557805882018000000,1557805882018000000,5,0,12288,3
328,115,201,1557776084220000000,1557776084220000000,1557776084220000000,1557776084220000000,1557776084220000000,1557776084220000000,5,0,12288,3
